Id,Text,Layanan,Program,Sarana dan Prasarana,Teknis,sentimen
1,Dukungan dari RRI sebagai pelaksana Bintang Radio Indonesia memberikan landasan yang kuat bagi Josh untuk terus mengembangkan bakatnya dan memberikan kontribusi positif dalam dunia musik Indonesia,0,1,1,0,positif
2,"RRI tidak hanya mencari penyanyi berbakat, tetapi juga memberikan kesempatan untuk berkembang dan membangun karier di industri musik. #DanTerjadiLagiJosh",1,0,0,0,positif
3,"Kehadiran RRI di dunia maya membantu memperkuat interaksi dengan pendengar, menjadikan radio ini lebih dinamis dan interaktif. #DanTerjadiLagiJosh",0,1,0,0,positif
4,"RRI memastikan bahwa Bintang Radio Indonesia tetap terhubung dengan generasi muda, menjadi wadah inspiratif bagi mereka yang ingin mengejar karier di musik. #DanTerjadiLagiJosh",0,1,0,0,positif
5,"RRI menggelar Bintang Radio Indonesia secara berkala, menjadikannya tradisi yang dinanti-nanti oleh pecinta musik setiap tahunnya. #DanTerjadiLagiJosh",0,1,0,0,positif
6,"Melalui Bintang Radio Indonesia, RRI memberikan kesempatan bagi bakat-bakat muda untuk meraih impian mereka dan memperkenalkan suara unik mereka kepada dunia.",0,1,0,0,positif
7,"RRI menjadi cermin zaman dengan terus mengikuti tren dan perubahan, menjadikannya relevan dalam era digital ini. Keberadaan aplikasi RRI Digital memudahkan pendengar untuk mengakses siaran langsung, podcast, dan konten-konten menarik lainnya.",1,1,0,1,positif
8,Semoga RRI ga mencla mencle Apalagi tentang investor IKN,0,1,0,0,negatif
9,"Radio Republik Indonesia (RRI) hadir berperan di Ibu Kota Nusantara (IKN). Dengan ini akan bisa menginformasikan seluruh perkembangan IKN, baik pembangunannya, penanaman pohonnya, sampai pengembangan infrastrukturnya. Masyarakat di seluruh Tanah Air perlu mendengar perkembangan IKN, sehingga dapat memperoleh pengetahuan serta informasi terbaru dari IKN kita. Hadir di siaran perdana dari Studio Mini RRI di Hunian Pekerja Konstruksi IKN, saya turut menyapa para pendengar. Saya sekaligus menyampaikan progres pembangunan sejumlah infrastruktur di IKN, mulai dari kantor-kantor pemerintah hingga hotel. Termasuk semangat optimisme persiapan Upacara Peringatan ke-79 Kemerdekaan RI yang tahun ini dapat digelar di IKN.",1,0,1,1,positif
10,Itu sambil dengerin siara langSUng dari RRI Pro 2 FM yang selalu detail sebutin nama-nama pemainnya,0,1,0,0,positif
11,"Suara nya khas, ga liat orangnya juga langsung tau. Jadi ingat alm. Sambas penyiar RRI/TVRI dulu kalau lagi siaran",0,1,0,0,positif
12,"[Saran masukan untuk pimpinan RRI]
Tentang nomenklatur programma/acara
?Indonesia Menyapa Pagi
?Indonesia Menyapa Siang
?Indonesia Menyapa Sore
?Indonesia Menyapa Malam.
PERTIMBANGAN/ASUMSI :
Menggunakan bahasa Indonesia yang baik dan benar (tidak merusak kaidah)
adalah juga merupakan gambaran tentang ""logika berpikir yang logis dan benar"" (bukan logika yang rancu/kacau)!
SARAN MASUKAN
PERUBAHAN NOMENKLATUR
berdasarkan kaidah dan logika yang benar:
?INDONESIA PAGI MENYAPA ANDA
?INDONESIA SIANG MENYAPA ANDA
?INDONESIA SORE MENYAPA ANDA
?INDONESIA MALAM MENYAPA ANDA
atau
?RRI PAGI MENYAPA INDONESIA
?RRI SIANG MENYAPA INDONESIA
?RRI SORE MENYAPA INDONESIA
?RRI MALAM MENYAPA INDONESIA
",0,1,0,0,negatif
13,RRI buatin Profile RRI dari mulai lahirnya Radio Republik Indonesia donk biar anak cucu kita dapat pengetahuan tentang perjuangan RRI dizaman Indonesia menuju kemerdekaan.,1,0,0,0,positif
14,"Selamat Hari Ulang Tahun RRI, harap saya pengin mendengarkan siaran pro3 dan pro 4, di tempat saya Purbalingga Jawa Tengah tidak bisa mendengar siaran pro3, dulu 97,1 Mudah mudahan komen saya dapat responbisa walaupun kecil dan kemresek sekarang sudah tidak bisa sama sekali,",0,0,0,1,negatif
15,Sangat bagus hanya saja maksud dan arti dari Logonya belum ditahu.,0,1,0,0,negatif
16,"KECERDASAN BAHASA INDONESIA...!
Ada programma RRI
--->""Indonesia menyapa pagi, siang, sore/petang, malam""
Tetapi saya belum pernah mendengar
si pagi,
si siang,
si sore,
si malam
merespon sapaan Indonesia...!
INI PASTI ADA YANG SALAH...!
YANG BENAR :
--->
RRI pagi,
RRI siang,
RRI sore,
RRI malam,
menyapa Indonesia...!
",0,1,0,0,negatif
17,"ABSURD, CONFUSED, RANCU...!
Indonesia menyapa pagi"", ""siang"", ""sore"", ""malam""...!
Yang menyapa adalah ""Indonesia""!
Yang disapa adalah si ""pagi"", si ""siang"", si ""sore"", si ""malam""...!
Yang merespon sapaan bukan si ""pagi"", si ""siang"", si ""sore"", si ""malam""...!
Yang merespon sapaan justru si ""manusia"" pendengar!
SALAHNYA DI MANA...?!
SALAH GURU MENGAJAR BAHASA INDONESIA ?!
--------------
Ini contoh yang cantiq :
?Indonesia pagi menyapa anda...!
?RRI pagi menyapa Indonesia...!
DO YOU SMART ENOUGH TO UNDERSTAND WHAT I MEAN...?!
",0,1,0,0,negatif
18,"Sukses dan terima kasih Tema yang sangat bagus, sebaiknya bisa dilanjutkan secara berkala dengan tema yang sama.????",0,1,0,0,positif
19,Rindu RRI Programa Nasional di gelombang pendek. hehe..Semoga sukses RRI!,0,0,0,1,negatif
20,"Mau tanya, wartawan RRI bisa tidak kerja atau memiliki media di luar RRI? kita resah nih, ada oknum yg mengaku wartawan RRI tapi kok medianya bukan RRI?? YG JELAS, atau orang 2 yg kerja di RRI bisa kuasai semua media?",1,0,0,0,negatif
21,"Melalui Bintang Radio Indonesia, RRI memberikan kesempatan bagi bakat-bakat muda untuk meraih impian mereka dan memperkenalkan suara unik mereka kepada dunia.",0,1,0,0,positif
22,"Dukungan RRI terhadap pemberitaan yang netral dan terpercaya tetap konsisten, menjadikannya sumber informasi yang dapat diandalkan.",0,1,0,0,positif
23,"RRI menjadi cermin zaman dengan terus mengikuti tren dan perubahan, menjadikannya relevan dalam era digital ini.",0,1,0,0,positif
24,"Program-program RRI tidak hanya mendukung pendidikan, tetapi juga mempromosikan kearifan lokal dan tradisi, memperkuat identitas nasional.",0,1,0,0,positif
25,"RRI tetap menjadi teman setia dengan suara yang penuh makna, menciptakan momen-momen emosional yang tidak terlupakan.",1,1,0,1,positif
26,"Melalui inovasi dan aplikasi RRI, pendengar dapat tetap terhubung dengan program, podcast, dan konten menarik di mana pun mereka berada.",0,1,0,1,positif
27,RRI juga aktif dalam mendukung keberagaman bahasa daerah untuk menjaga warisan budaya.,0,1,0,0,positif
28,"Suara-suara khas RRI menjadi penyemangat di berbagai situasi, menciptakan ikatan batin yang kuat antara penyiar dan pendengar.",0,0,0,1,positif
29,"RRI terus beradaptasi dengan perkembangan zaman, menjadi teman setia di setiap perangkat pendengar, dari radio tradisional hingga internet.",0,1,0,1,positif
30,"RRI mengenang dan merayakan hari-hari penting dalam sejarah Indonesia, menciptakan momen bersama yang mempersatukan bangsa.",0,1,0,0,positif
31,"Suara-suara unik dan karakteristik RRI menciptakan ikatan emosional dengan pendengarnya, mengukir kenangan tak terlupakan.",0,1,0,1,positif
32,"RRI mengedepankan keberimbangan dalam pemberitaan, menjadikannya sumber informasi yang dapat dipercaya dan netral.",0,1,0,1,positif
33,"Melalui program interaktifnya, RRI memberikan ruang kepada pendengar untuk berpartisipasi, berbagi cerita, dan menyuarakan aspirasi.",0,1,0,0,positif
34,"Dalam menghadapi perkembangan teknologi, RRI terus berinovasi untuk tetap relevan dan mendukung kebutuhan audiens modern.",0,1,0,1,positif
35,"Keberadaan aplikasi RRI Digital memudahkan pendengar untuk mengakses siaran langsung, podcast, dan
konten-konten menarik lainnya.",0,1,0,1,positif
36,"RRI tidak hanya sekadar media, tetapi juga menjadi wahana untuk mengapresiasi seni dan budaya, mendukung perkembangan industri kreatif.",0,1,0,0,positif
37,"Suara penyiar RRI bukan hanya sebagai pengantar program, tetapi juga sebagai teman yang setia bagi jutaan pendengar di seluruh tanah air.",0,1,0,1,positif
38,"RRI turut aktif dalam mempromosikan kebudayaan Indonesia ke dunia internasional, memperkuat citra bangsa di mata global.",0,1,1,0,positif
39,"RRI menjadi saksi bisu sejarah Indonesia, menghadirkan laporan khusus dan dokumentasi yang merekam peristiwa penting dalam perjalanan bangsa.",0,1,1,0,positif
40,"Melalui program musiknya, RRI mendukung perkembangan industri musik Indonesia dan memperkenalkan beragam genre kepada pendengar.",0,1,0,0,positif
41,"RRI tidak hanya menjadi sumber berita terpercaya, tetapi juga mengembangkan program kreatif yang mencerminkan kehidupan sehari-hari masyarakat.",0,1,1,0,positif
42,"Kehadiran RRI di dunia maya membantu memperkuat interaksi dengan pendengar, menjadikan radio ini lebih dinamis dan interaktif.",0,1,1,1,positif
43,"Program-program RRI mencakup berbagai topik, mulai dari berita, pendidikan, hingga hiburan, memenuhi kebutuhan beragam audiens.",0,1,1,0,positif
44,"Suara karakteristik ""Suara Indonesia"" yang melegenda, menjadi ciri khas yang mengakar di hati pendengar sepanjang generasi.",0,1,0,1,positif
45,"RRI tidak hanya mengudara secara tradisional, tetapi juga melalui platform digital, memastikan aksesibilitasnya di era modern ini.",0,1,0,1,positif
46,"RRI memiliki banyak stasiun di seluruh Indonesia, mencakup berbagai suku, budaya, dan bahasa, menjadi cermin keberagaman bangsa.",0,1,0,1,positif
47,"Dari sabang sampai merauke, RRI memiliki jangkauan nasional yang luas, memberikan layanan informasi dan hiburan bagi seluruh negeri.",0,1,1,1,positif
48,"RRI tidak hanya menjadi sumber informasi, tetapi juga memainkan peran penting dalam menyatukan dan mengedukasi masyarakat Indonesia.",0,1,1,0,positif
49,"Dari sabang sampai merauke, RRI memiliki jangkauan nasional yang luas, memberikan layanan informasi dan hiburan bagi seluruh negeri.",0,0,1,1,positif
50,"Nggk nyangka, ada aplikasi sebagus ini Amazing pokoknya",1,0,0,0,positif
51,Nice,0,1,0,0,positif
52,Dengar lagu di lapangan suci,0,1,0,0,positif
53,Mangtap!!! Semoga makin banyak fitur Yang Keren Dan berguna ??????,1,0,0,0,positif
54,Untuk aplikasi gratis sangat bagus,1,0,0,0,positif
55,Keren,1,0,0,0,positif
56,Awesome apps,1,0,0,0,positif
57,Sangat bermanfaat untuk mendengarkan RRI dari mana saja.,1,0,0,0,positif
58,App yg kereen dan mudah digunakan. RRI semakin update. Membanggakan!,1,0,0,0,positif
59,Susah koneknya terutama saat menjelang buka puasa,0,0,0,1,negatif
60,Untuk Android tidak bisa tambah aktifitas di tab sosial kalo iphone bisa tolong di cek bug nya,0,0,0,1,negatif
61,Stasiun RRI menurut saya merupakan stasiun radio yang terpercaya memberikan informasi yang sudah seharusnya kami dapatkan serta saya sendiri sebagai penduduk Pontianak mendapatkan informasi-informasi yang berguna melalui RRI,1,0,0,0,positif
62,Awesome app,1,0,0,0,positif
63,Cool,1,0,0,0,positif
64,bener bener penuh wawasan dan jaringan,1,0,0,1,positif
65,keren,1,0,0,0,positif
66,banyak acara daerahnya,0,1,0,0,positif
67,kerend,1,0,0,0,positif
68,Kerenn banget,1,0,0,0,positif
69,Aplikasi yg keren,1,0,0,0,positif
70,Kurang frendly buat yg cuma ingin dengar radio. Ribet. Simple versi web. Pilih radio daerahnya. Baru pilih programa yg tersedia. Simple,1,0,0,0,negatif
71,Aplikasinya keren dan sangat bermanfaat untuk mendapatkan informasi,1,0,0,0,negatif
72,Good,0,0,0,0,positif
73,Suka bgt sama rri ??,0,0,0,0,positif
74,Mantap,0,0,0,0,positif
75,Bagus,0,0,0,0,positif
76,Frekuensinya berhimpitan dengan RRI PRO4 Samarinda,0,0,0,1,negatif
77,"Semangat terus RRI, semoga semakin jaya di udara, sekali merdeka tetap meredeka, sekali di udara tetap di udara",0,0,0,0,positif
78,"Abadi dihati jaya di udara bravo RRI ,dan selamat untuk siaran perdana RRI IKN",0,1,0,1,positif
79,"Mengagumkan RRI sudah mengudara dari IKN. Selamat ya untuk peristiwa bersejarah ini. 50 tahun yang akan datang, video ini akan menjadi sumber primer sejarah yang mengagumkan.",0,1,0,0,positif
80,"Yang saya sukai dari konten ini adalah RRI memberikan unsur keragaman ras, suku, dan budaya yang selalu membuat saya selalu kagum terhadap keragaman tersebut.",0,1,0,0,positif
81,selamat untuk seluruh finalis lomba cipta lagu daerah nusantara 2023 terimakasih untuk RRI yg trus memajukan musik daerah nusantara??????????????,0,1,0,0,positif
82,"Jurinya bikin php pas pengumuman pemenang cewek nya. Kasian Amira. Tapi overall setuju banget sama placement juaranya. Yang cowok udah jelas Florentino yang paling aman dan hampir ga ada pitchy nya. Yang lain banyak pitchy karna kebanyakan riff and run. Kalau yang cewek, Maria emang tekniknya udah tingkat tinggi walaupun sempet kepleset sedikit karna terlalu beremosi. Amira kerendahan aja depannya, sisanya bagus karna ga banyak riff and run jadi hampir ga ada yang fals. Semangat terus semua peserta",0,1,0,0,negatif
83,"BAgus ini acara, harus rutin. Klau bisa kerjasama denga TVRI juga seperti dulu. Grand final baik nya di Jakarta",0,1,0,0,positif
84,Juri pengumumannya belepotan,0,1,0,0,negatif
85,MCnya msh suka tabrakan bicaranya,0,1,0,0,negatif
86,Akhirnya muncul juga Bintang Radio dan TV yg masa jayanya sangat ditunggu 2,0,0,0,0,positif
87,Aku finalis BRTV RRI BANDUNG 97.....SAYANG BNGT YA GARAPAN NASIONAL KO GINI AMAT??????,0,1,0,0,negatif
88,Acara nya kaya 17 an....,0,1,0,0,negatif
89,"RRI kereenn, terus maju dan berkarya",1,0,0,0,positif
90,"Keren bgt acara dan finalis2nyaa, makasih udah undang Rimaarrr yaa!??",0,1,0,0,positif
91,"Semakin kereen bintang radio, banyak selamat untuk pak Direktur LPU dan semua panitia????",0,1,0,0,positif
92,Skala Nasional kok salah baca juara???Jd tdk dapat moment wah saat pengumuman???sprti acra ecek2x....????????,0,1,0,0,negatif
93,"Dan ini terkhusus untuk pesert2 laki2 loh .
Wadroube nya kaya pengantin/ finalis dangdut . Sangat paham vokal yg lebih di perhatiakan karena ini ajang festival sing . Anyway lebih di perhatikan saja . Karena ini adalah ajang Nasional hampir seluruh indonesia . Seperti nya untuk nasional sudah
 harus ada couching nya masing2 baik segi vocal & wadroube .",0,1,0,0,negatif
94,"Acara Nasional BRTVN .
Sepertinya agak lebih di perhatiakan dari perfomers peserta dengan penampilan yg tidak jadul / . No 1 ya adalah voc. yg di tampilkan untuk pendengar radio & telivisi , tapi penampilan juga bisa sedikit di perhatikan. Selayaknya seperti tampilan dangdut loh . Bagi saran saja , gemmeeees sama wadroube dari masing2 peserta .",0,1,0,0,negatif
95,"Kesalahan penyebutan dimaklumi, kalau cuma sekali. Tetapi kalau berkali-kali, sepertinya yang bersangkutan perlu memikirkan untuk pensiun atau mundur, bahkan mencari pekerjaan lain. Anda tidak fokus!",0,1,0,0,negatif
96,"Bukan soal pemenang tapi soal pengemasan acarabya yang sangat tidak skala nasional, ala ala sayang banget pasti ini budgetnya swbwnarnya besar",0,1,0,0,negatif
97,apaan sih pengumumannya garing mampus,0,1,0,0,negatif
98,Duhh gimana si.. momen sakral penyebutan juara koq salah salah...,0,1,0,0,negatif
99,"Kompetisi terunik. Dari seleksi daerah sampai Grand Final, lagunya itu2 saja. Padahal negeri ini berlimpah karya2 keren dari para musisi...",0,1,0,0,negatif
100,Setiap peserta tdk di sebutkan dr kota mana.. Hrsx disebut..,0,1,0,0,negatif
101,Backing vocalnya gilaaa kreen,0,1,0,0,positif
102,Dulu2 kacau banget audio dan visual nya. Skrg udah lebih bagus semoga dipertahankan semakin berkembang,0,0,0,1,positif
103,Dulu2 kacau banget audio dan visual nya. Skrg udah lebih bagus semoga dipertahankan semakin berkembang,0,1,0,1,negatif
104,"Tandain jurinya, kalau tahun depan masih juri yg sama mending gak usah ikut ??",0,1,0,0,negatif
105,Kecewa se x dgn bintang radio x ini,0,1,0,0,negatif
106,"Juri ga salah nilai, kupang masuk segituuu lebaay berlebihan, capeee kaleee juri nya jadi ngasal masukin 5 besarnta",0,0,0,0,negatif
107,"BINTANG RADIO 2023 SEMAKIN BERPACU ,UTK MENGIKUTI ERA . SETIAP ERA ADA MASA NYA. SETIAP MASA ADA BINTANG NYA",0,1,0,0,positif
108,RRI serui mantap,0,0,0,0,positif
109,"Maaf hanya sekedar kritikan masukan saja. 
Mutu peserta nya MASIH bagus2 tahun2 sblm nya. 
Maube next panitia nya lebih jeli lagi dalam memilih yg bener2 bagus setiap perwakilan dari propinsi nya masing2. 
Trimkasih.",0,1,0,0,negatif
110,Terima kasih RRI Pro 4 Mataram. Mbak Sary dan mbak Diza khususnya. Semoga dunia literasi kita secara umum semakin membaik. Aamin ya Allah,0,0,0,0,positif
111,RRI stasiun Pusat IKN sudah on air di Ibukota Baru Indonesia. Tinggal Televisi Republik Indonesia TVRI di boyong ke Daerah Khusus Ibukota IKN NUsantara,0,0,0,0,positif
112,Masih darurat...semoga tahun depan punya studio yg lebih bagus. Doakan ya??,0,0,1,0,negatif
113,"Studio RRI IKN jelek, peralatan &amp; ruangan seperti radio komunitas. Duh malu2in ??",0,0,1,0,negatif
114,Frekuensinya berhimpitan dengan RRI PRO4 Samarinda,0,0,0,1,negatif
115,Dukungan dari RRI sebagai pelaksana Bintang Radio Indonesia memberikan landasan yang kuat bagi Josh untuk terus mengembangkan bakatnya dan memberikan kontribusi positif dalam dunia musik Indonesia,1,0,0,0,positif
116,Semoga RRI dapat menjangkau semua wilayah di seluruh indonesia dengan hasil audio yg prima tanpa bleng spot,0,0,0,1,negatif
117,Pro 3 RRI di Jambi kenapa menghilang min?,0,0,0,1,negatif
118,Apa juga di bersiaran di jalur gelombang MW dan SW biar bisa terdengar dari Sabang - Merauke dan voice of indonesia ant jangan di arahkan ke wilayah benua eropa juga ya setidaknya seluruh Nusantara bisa tengar melalu gelombang SW.,0,0,0,1,negatif
119,"Pagi ini sambil jalan ke kantor sy mendengarkan RRI Pro 3 di radio, menarik sekali pembahasannya dgn narsum pak teo tenaga ahli di KSP yg sepenggal beliyo sampaikan bahwa mengenai mekanisme protes terkait hasil pemilu beliyo mengatakan bahwa semua ada aturannya, silahkan ditempuh",0,1,0,0,negatif
120,"PSIS 87 yg lebih seru kita Dengar lewat Siaran ""Laporan Pandangan Mata"" RRI yg komentatornya ga cuma bilang ahai doang ,tp bgmana kita bs ikut berimajenasi situasi dlapangan smpai2 Ribut Waidi garuk2 kepala jg disebut..",0,1,0,0,negatif
121,seru njir siaran di RRI,0,1,0,0,positif
122,"Gw beli radio, dengerin RRI, lalu terdengar 1 segmen di mana pembacanya melafalkan ""mikroskop"" sebagai ""microsoft""",0,1,0,0,negatif
123,"RRI ndak well lur, solobaru lebih mengguncang",0,1,0,0,negatif
124,RRI Yogyakarta. Saat itu saya masih esempe dan merasakan sungguh duka kawula Yogyakarta yang dikabarkan dengan kemasan apik dalam sajian siaran khusus sepanjang hari itu di radio.,0,1,0,0,positif
125,Lemes banget bacotnya bapack-bapack penyiar! ??????,0,1,0,0,negatif
126,RRI Balikpapan gk ada adanya cuma RRI samarinda,0,0,0,1,positif
127,"Wawancara radio yg seru di RRI Palu membahas kolaborasi AUID seperti beasiswa . Ini bukan wawancara radio pertama saya dalam bahasa ????– yg pertama di Canberra beberapa tahun lalu. Tahukah Anda bahwa ada acara radio dalam berbagai bahasa di ????, termasuk bahasa ?????",0,1,0,0,positif
128,ini konsep acaranya kek tahun 90an ????,0,1,0,0,negatif
129,RRI Sekarang Malah Sangat Mudah Diakses hanya dengan 1 Klik saja ... RRI PLAY !!!,1,0,0,0,positif
130,Background music closing khas radio RRI disemua programma RRI tiap mau sign off,0,1,0,0,positif
131,"Wah mantap, penyiarnya Pak Jokowidodo, presiden RI",0,1,0,0,positif
132,Bagus iya karena lengkap dengan penyiar radio nusantara....,0,1,0,0,positif
133,"RRI akan memberi INFO-INFO PENTING tentang PERKEMBANGAN BAGAIMANA PEMBANGUNAN DI IKN,Mantap??",0,1,0,0,positif
134,"Maaf...di gelombang brp...<br>AM atw FM....saya mantan penyiar ,jadi amat sangat ingin mendengarknrafio ini...<br>Roger ,roger ,roget....??",0,0,0,1,negatif
135,Mantap RRI...seluruh rakyat Indonesia menjadi cerah  dg  penyiaran di ikn<br>.....lanjutkan cita cita besar ini jangan sampai berhenti..majulah Indonesia ku,1,1,0,1,0
136,"Alhamdulillah.. <br>RRI adalah sarana Pemersatu Bangsa Indonesia. <br>Saya bangga kpd RRI, keberadaanya sangat2 penting  sebagai corong informasi bagi seluruh rakyat indonesia. <br>Bravo RRI Bravo IKN, Bravo Pak Jokowidodo. <br>Bogor cibinong hadir",1,1,0,0,0
137,"Radio republik indonesia, pelopor penyiaran antar pulau di indonesia dan mempersatukan nusantara, indonesia raya.",1,0,0,0,positif
138,"Ciri khas RRI Purwokerto adalah klenengan siang, ketoprak minggu siang, acara pedesaan dibuka gending banyumasan, uyon2 maton, Kaki Singa, Peyang Suliyah, buka dan imsak khasnya di bulan puasa dll yg khas dari RRI Purwokerto. Alih2 mengikuti  modernisasi mengganti semua ke khasannya itu, sekarang RRI Purwokerto kehilangan ruh dan jatidirinya. Gak ada bedanya sama radio lain. Seandainya RRI Purwokerto mempertahankan tradisi yg turun temurun itu, niscaya channel legend ini pasti gak bakalan ditinggal penggemar, karena pendengar radio tidak semata2 hiburan dan informasi, tapi ada unsur nostalgia dan ikatan emosional dgn masa lalu.",0,1,1,0,0
139,"Radio republik indonesia, pelopor penyiaran antar pulau di indonesia dan mempersatukan nusantara, indonesia raya.",0,0,1,0,positif
140,"Ahh...apapun jd nya sekarang...RRI MSH LAH KEREN,,MS LALU...APA LG BAGI MSRKAT YG DI PDLMAN,,YG JUAUH DR KERAMAIN...TP KINI SMPAI DI MNKAH FREUENSIMU KINI..<br>RAKYAT TRTAMA YG MSH TGGAL DI PDLMAN,, MSH MNGGU,DAN TRS MNANTI FREENSIMU. SPR DULU,,",1,1,0,1,0
141,Jangkauannya sampai mana nih,0,0,0,1,negatif
142,"Inilah hebatnya RRI, sekarang RRI punya stasiun tv yang program beritanya di siarkan serentak dan di replay Nasional yakni tv RRI (RRI net) gambarnya sudah hd jauh lebih maju daripada TVRI yang mengaku hd tapi gambar masih hd ABAL ABAL (menipu) (TVRI 4 sport hd) itupun sinyalnya pelit. Kalau aturan harus di gabung RRI TVRI di gabung jadi RTRI, RRI lah yang berhak dan mengatur kebijakan karena RRIlah yang jauh lebih tua dan berpengalaman. TVRI sendiri aja kalah jauh sama tv swasta apalagi kualitas gambar dan jaringan. Seharusnya dua duanya berkolaborasi, di setiap kota di situ ada transmisi RRI di situ juga transmisi pemancar TVRI juga harus di pasang di jadikan satu biar hemat atau di gabungkan dengan menara Telkom kan sama sama milik negara. Kalau ini di terapkan di seluruh wilayah RI sampai pelosok pelosok jangkauan RRI TVRI siaran analog / digital bisa keterima pesawat penerima dengan sangat baik. Kan setiap kota pasti ada menara Telkom. Kalau TVRI hanya daerah tertentu saja itupun jangkauan kalah sama tv swasta",1,1,0,1,0
143,"RRI mantap , jgn punah ya.. from 2030",0,1,0,0,positif
144,RRI is the legend,0,1,0,0,positif
145,Penyelenggaraan event selalu terbaik Dan memberikan informasi Yang jelas bagi khalayak umum,0,0,1,0,positif
146,"Pelayanannya ramah. Penjelasannya juga baik. Menjelaskan ruang-ruang untuk siaran dengan baik. Anak-anak juga menikmati berada disana, diberi kesempatan mencoba bernyanyi dan direkam. Dari informasi yang didapat kemarin, sekarang sudah ada RRI net lho ( televisinya RRI). Juga ada RRI berjalan, yaitu mobil siaran yang lengkap seperti studio. Siaran RRI ini cocok untuk semua kalangan dari acara anak-anak sampai kakek nenek. Proud of you, RRI. Semoga tetap selalu berjaya di udara. RRI Sekali Diudara Tetap Diudara.",0,1,1,0,0
147,"Sdh bagus ""look"" nya ,, cmn sayang ,,, dibeberapa titik , klw hujan bocor ruangan live nya , jd bnyk pemandangan ember, dandang ?? bertebaran di ruangan ""LIVE"" tsb ???? …",0,0,1,0,negatif
148,Salah satu stasiun penyiaran radio yang sudah lama ada di Kota Malang. Dulunya di sebelah barat RRI (dalam satu kompleks) ini terdapat lapangan futsal yang sekarang sudah ditutup. Tempat ini dapat dengan mudah di akses melalui Jalan Sukarno Hatta (Suhat).,0,0,1,0,positif
149,"Merupakan salah satu legenda dari awal mula adanya radio di Indonesia, dan dapat menjadi saksi kemerdekaan bangsa indonesia.
Tempatnya bersih dan rapih. Wangi dan sudah cukup modern.
Namun saja parkiran dan kebersihan di outdoor mungkin harus lebih di tingkatkan lagi.
Pegawainya ramai dan welcome terhadap tamu dan client.
Terdapat 4 tempat untuk siaran yg sering dinamakan pro 1 sampai dengan pro 4.
Penyandang disabilitas dapat masuk dan mengakses tempat ini dengan cukup mudah.
Intinya thes best RRIsemakin berbenah lebih baik.",0,1,1,0,0
150,"Seru, saya dapat berbagi macam ilmu. Bukan hanya tentang kepenyiaran saja tetapi mengenai seluk-beluk proses sebelum kepenyiaran. Seperti pembuatan naskah, pembuatan daftar acara siaran dll. Orang-orangnya juga ramah dan baik.",0,1,1,0,0
151,"Luas, besar, lokasi strategis tapi terkesan kumuh dan tdk beraturan krn terlalu banyak iklan",0,0,1,0,negatif
152,Radio bersejarah dan akan selalu menjadi pemersatu bangsa Indonesia. Pict: Lomba MTQ RRI Malang,0,0,1,0,positif
153,Nyaman sekali di RRI serasa 30 tahun yg lalu,1,0,0,0,positif
154,Sangat nyaman dan tentunya teringat jaman dahulu prasarana wadah siaran kemerdekaan...,0,0,1,0,positif
155,"Lokasinya nyaman, AC adem",0,0,1,0,positif
156,Selalu ramah kalo kesini. Apalagi pas saya bawa 2Racun Promo single Disana Menanti Disini Menunggu,1,0,0,0,positif
157,Kepuasan adalah kebanggaan kami,1,0,0,0,positif
158,"Tempat yang luas , bagus untuk lokasi sebuah acara , contohnya sekarang festvl budaya",0,0,1,0,positif
159,radio ini sering bgt adain talkshow bareng komunitas gitu. n dijamin nyaman krn studio nya gedee. keren pokoknya,0,1,1,0,positif
160,"Acara ruwatan bersama yg sangat sakral dan ditunggu masyarakat. Sangat bermanfaat sekali. Sayang panitianya kurang, banyak sekali pendamping yg berdiri karena tempat duduk kurang.",0,1,1,0,0
161,"Pelayanan ramah, sempat binggung karena baru sekali masuk ke stasiun radio..
Kl mw mengurus surat kehilangan masuk aja pintu utama belok diri ruang yg kedua masuk aja pasti dilayani dengam baim yg penting berkas klengkapan dr polres dkk di bawa ya..",1,0,0,0,positif
162,Lingkar Sosial Indonesia dalam Talk Show di RRI Malang membahas tentang aksesibilitas bagi penyandang.,0,1,0,0,positif
163,Modulasinya koq seperti radio tempo dulu...yang antena nya sering terganggu...cesss.....normal....cess lagi???? …,0,0,0,1,negatif
164,"Mengudara bersama RRI Malang, mencerdaskan Anak Indonesia melalui cerita",1,0,0,0,positif
165,Ruangannya sdh bnyk yg baru...bagus,0,0,1,0,positif
166,"peran dalam Pemberdayaan Masyarakat:
RRI menyelenggarakan siaran pemberdayaan masyarakat di semua lapisan masyarakat melalui siaran pedesaan, nelayan, wanita, anak-anak, siaran lingkungan hidup, …",1,0,0,0,positif
167,"Lagi ada acara lomba tahfidz . Sangat"" mengecewakan. Panitia seperti kurang persiapan. Seharusnya pendaftrn lewat email sja biar lebih memudahkan peserta. Seharusnya ada penampilan atau acara lain agar peserta tidak lunta lantung di teras, …",1,1,0,0,0
168,Pengalaman baru meskipun dpt jatah omg sedikit #nasumnyayglebihtahutema??# …,0,1,0,0,negatif
169,"Radio yang selalu memberi kesempatan bagi pelajar untuk berkembang. Di hari-hari tertentu rutin diadakan siaran pendidikan. Nah, pelayanan di sana juga ramah-ramah. Operator radio dan penyiarnya ramah pada tamu dan seakan sangat senang direpotkan. Keren",1,1,0,0,positif
170,"Radio yang bagus, tempat nyaman dan sangat tertata, saya pernah menjadi narasumber, penyiarnya ramah&pintar membangun suasana, tempat luas dengan beberapa studio di dalamnya. Di depannya ada berbagai warung dan minimarket.",1,1,1,0,positif
171,"RRI Malang terus berbenah diri baik dalam aspek pelayanan masyarakat yaitu program program siaran juga pelayanan fisik yaitu gedung, dan jaringan . Berbagai program siaran terus disajikan bagi pemberdayaan masyarakat, kreativitas anak muda, berita Nusantara dan saluran budaya. Upaya tak kenal lelah dilakukan agar terus jaya di udara....",1,1,1,0,positif
172,"Radio yang sudah didirikan cukup lama dan siarannya pun bagus. Dulu pernah waktu SMA izin ke radio RRI untuk rekaman dubbing untuk pagelaran drama musikal di sekolah. Senang sekali, pengalaman yang mengesankan. Semoga RRI selalu jaya, sekali di udara tetap di udara.",1,0,0,0,positif
173,"Salah satu radio publik milik pemerintah yang ada di Kota Malang. Disini kamu juga bisa mengurus iklan kehilangan STNK, BPKB, atau surat berharga lainnya. Namun harganya cukup mahal yaitu 35.000 untuk biaya administrasi nya",1,0,0,0,0
174,Tempatx nyaman dan tertata rapi,0,0,1,0,positif
175,"Sarana kominikasi dan info info terkini yg mencakup informasi lalin ,lagu terpopuler dan sarana edukasi yg mantaps",1,1,0,0,positif
176,"Tempatnya cukup bagus, terutama open studio siarannya
Untuk pegawai cukup ramah, cuma kadang utk org yg baru pertama kesana mungkin agak bingung, karena resepsionis/penerima tamu/CS tidak selalu standby?? …",1,0,1,0,0
177,"Pelayanan surat kehilangat sangat lama, dari jam 1 siang hingga jam 2 belom selesai. Saran kalau mau ngurus juga mending datang pagi saja",1,0,0,0,negatif
178,"Staff sangat ramah terutama terhadap anak-anak. Bagi siswa yang ingin mengadakan kunjungan bersama dengan sekolah, prosesnya cukup mudah dan cepat.",1,0,0,0,positif
179,"tempatnya mudah diakses dan hampir semua orang tau jadi bisa tanya tanya, sering adain acara tiap minggu, ntah itu wayang, dangdut, jalan sehat, cerdas cermat, pokoknya hiburan buat masyarakat.. ada yg berbayar ada yg tidak",1,1,1,0,positif
180,"Salah satu statiun radio tertua di malang,,,
Sering ada kegiatan juga
Tempatnya luas
Parkir enak
Akses jalan mudah
Kalo mw cari makanan gamoang karena disekitar banyak penjual/stang makanan juga dekat dg ind*****t dan al****rt",0,0,1,0,positif
181,"kerap dijadikan patokan bagi mahasiswa poltek, ub, dan um.
""kono lo cedeke RRI""",0,0,1,0,positif
182,"Stasiun radio yg masih aktif di semua daerah, para pegawainya sangat ramah dan bisa menyalurkan ilmu yang bermanfaat",1,0,0,0,positif
183,"Gedung nya bagus bersih pelayanan ramah...cuman terlihat di loby masih ada karyawan berseragam merokok,sebaiknya disediakan smoking area.",1,0,1,0,0
184,Stasiun radio yang terkenal dan tersebar d seluruh INDONESIA. meskipun tergeser oleh tata kota tetapi masih tetap exsis dan berkontribusi bagi masyarakat yang mendengarkan.,1,0,0,0,positif
185,"Salah satu saksi sejarah yang masih beroperasi dan terus berinovasi hingga sekarang. Petugasnya ramah, pelayanan untuk berita pengumuman juga cepat ?? …",1,0,0,0,positif
186,"Merupakan lembaga penyiaran publik yang berlokasi di Kota Malang, dengan siaran yang menghibur dan mengedukasi masyarakat. Terdapat 4 channel yang disiarkan yaitu PRO1, PRO 2, PRO 3 dan Siaran khusus kebudayaan. Selain itu juga ada channel RRI NET yang merupakan channel televisi dengan rasa radio",0,1,0,0,positif
187,"Suatu saat kami bersama siswa-siswi SMK Negeri 1 Nganjuk jurusan Teknik Audio Video melaksanakan Kunjungan Industri ke RRI Malang. Sangat senang karena begitu detail kami mendapat berbagai informasi tentang RRI Malang, termasuk di ajakmke ruang siaran dan pula ruang pemancar radio.",1,0,0,0,positif
188,"Sarana informasi semenjak zaman uang gulden beredar di NKRI
Semoga informasinya semakin update seluruh Nusantara
Hiburan dengan menyiarkan musik dan kebudayaan asli Malang semakin di intensifkan",0,1,0,0,positif
189,"Radio milik negara yang konsisten memberikan informasi lewat udara. Di kota Malang terdapat pro 1, pro 2 dan pro 3. Masih setia di dengarkan di seluruh lapisan masyarakat.",0,1,0,0,positif
190,Salah satu pusat informasi terutama di bidang radio,1,0,0,0,positif
191,Belum banyak berubah suasananya hidup segan mati tak mau. Perlu perubahan yg significan dan byk inovasi agar tdk kalah dg Radio swasta lainnya.,0,1,1,0,negatif
192,Tempat favorite saat kuliah dulu. Suka main di RRI. Futsal. Banyak kenangan indah ada di RRI malang. Radio nasional yang punya banyak staff yang handal,1,0,0,0,positif
193,"Baik, pelayanannya ramah orang nya juga bijak dalam hal melayani baik tamu maupun warga sekitar ,tempat nya juga begitu indah terlihat nampak asri....siip pokok nya maju terus RRI Malang..?? …",0,0,1,0,positif
194,"- karyawan RRi ramah dan baik
- kalau meletakkan iklan tentang acara atau produk, dipermudah banget dan dijelaskan secara baik …",1,0,0,0,positif
195,"Suka banget jika diundang talk show di pro 2,penyiarnya ramah2 dan menyenangkan,boleh lah kapan2 diundang lagi buat talk show atau kegiatan di pro 2",0,1,0,0,positif
196,"Terdapat di tengah kota malang, sebelah barat Jl. Soekarno Hatta malang dekat dengan hotel montana
Dekat dengan kampus UMM, jika anda ingin membuat promosi event dll, bisa langsung ke RRI Malang",1,0,0,0,positif
197,tempatnya enak luas bgt cm kondisi hrs diperbaiki biar lbh indah dipandang yaa kntr RRI nya smg ttp sukses ya buat RRI malang ???? …,0,0,1,0,negatif
198,Nyaman sekaleee...,0,0,1,0,positif
199,Mengurus surat laporan kehilangan stnk recomended di radio rri...murah dan pelayanan cepat...,1,0,0,0,positif
200,"Main Futsal kok di RRI
Disini memang kantor Radio tapi ada lapangan Futsalnya gan
Ada rumput sintetis atau Plester.
Yuk bawa sepatunya",0,0,1,0,positif
201,Harusnya disediakan tempat khusus untuk fans yg ingin ketemu penyiar pujaan,0,0,1,0,negatif
202,"Ruang siar nya keren...mulai pro 1,pro 2 & pro 3. ...semua pakai kaca tembus pandang,luas juga dapur rekamannya...keren abis dach",0,0,1,0,positif
203,Sangat edukatif ada budaya tradisi yang sangat penting untuk diuri-uri ben ora soyo punah...?? …,0,1,0,0,positif
204,"Radio Republik Indonesia di Kota Malang, jl.Candi Panggung No.58 Kota Malang, Pro1 FM, Pro2 FM, acaranya beragam, ada musik, dialog, Berita, dan panggung hiburan masyarakat yang sangat baik",0,1,0,0,positif
205,Bagus tempat nya,0,0,1,0,positif
206,Sangat terkesan sekali..???? …,0,0,1,0,positif
207,"Tempatnya luas sekali, cocok utk istirahat sambil lihat mbah Demin siaran",0,0,1,0,positif
208,On air di studio RRI malang cukup baik sound n stage banyak memberi kesan unt berkesenian,0,0,0,1,positif
209,Radio Indonesia Radionya anak muda,0,0,0,0,positif
210,"Bersih, nyaman, rapi dan ramah²..
???????????? …",1,0,1,0,positif
211,"RRI sekarang jauh lebih maju, Ruang siarnya rapih, teknologinya gak ketinggalan zaman, beritanya up-to-date dan berimbang. Manyar RRI",0,1,1,1,positif
212,"Tempat representasi, sebagai sarana pemerintah sangat baik tetap mempertahankan program budaya",0,1,0,0,positif
213,"Suasana ok,pemandangan ok,pemandangan gunung Arjuno d belakang serta bromo di depan rumah,,nice view and beautiful breeze",0,0,1,0,positif
214,"Tempatnya bersih dan nyaman.
Petugas ramah dan respon kepada tamu baik.",1,0,1,0,positif
215,Radio milik Indonesia. Suka karena ada lagu2 Jawa dll. Seep. Semoga bisa bersaing.,0,1,0,0,positif
216,Tempatnya bersih banyak pedagang depan RRI,0,0,1,0,positif
217,Tempat nya cukup luas dan cukup bersih dgn booth utk brfoto,0,0,1,0,positif
218,"1 area tempat siaran beberapa radio. PRO 1 RRI & PRO 2 RRI. Tempat adem, nyaman, dan minimalis. Penyiar ramah2",1,0,1,0,positif
219,"Tempatnya bagus, pengunjung langsung bisa melihat studio siaran RRI, pegawai juga cukup ramah",1,0,1,0,positif
220,"Kurang disiplin waktu dalam mengadakan acara, semoga kedepannya bisa lebih baik",0,1,0,0,negatif
221,"Buat para anak muda bisa nih nikmatin siaran radio, gak hanya orang tua aja ?? …",1,1,0,0,positif
222,Jalan nya sempit tapu parkiran mobilnya luas. Depan RRI selalu macet,0,0,1,0,positif
223,Salah satu media penyebar informasi punya negara yang keren,1,0,0,0,positif
224,Tempat asik untuk banyak mengetahui informasi dan secara langsung melihat proses broadcast radio Malang.,0,0,1,0,positif
225,Fasilitas siarnya membuat siswa ekstra broadcasting SAMA JS ingin unta.,0,0,1,0,positif
226,"Pelayanan nya baik, tempat bersih dan nyaman.. seru"" acaranya ???? …",1,0,1,0,positif
227,Sperti ke bangunan tua...dengan model bangsal² gitu... Terima kasih siaran informasinya selama ini....,0,0,1,0,negatif
228,Radio yg tetep eksis sampai sekarang,1,0,0,0,positif
229,Baik-baik dan ramah karyawan/karyawatinya...itu saja yang saya tahu,1,0,0,0,positif
230,Bagus sekali...bersih. orangnya baik dan ramah,0,0,0,0,positif
231,Radio tertua dan tempat paling bersejarah di ranah keradioan Indonesia,1,0,0,0,positif
232,"Nyaman, tempat anak2 smk magang sangat direkomendasikan",1,0,0,0,positif
233,"Tempatnya bagus bersih dan nyaman, serta orang-orangnya pun ramah",0,0,1,0,positif
234,RADiO RRI Malang memang salah satu top nya radio di Malang,0,0,0,0,positif
235,Tempatnya nyaman dan staf nya ramah,0,0,1,0,positif
236,Salah satu radio yang isi siarannya sangat bagus,1,1,0,0,positif
237,"Nyaman, ramah dan menyenangkan",0,0,1,0,positif
238,Tempat asyik buat mencari informasi seputar dunia jurnalis dan radio.,1,0,0,0,positif
239,"Saluran budaya... Offline jg
Ada byk acara yg perlu kita ketahui",0,0,0,1,negatif
240,"Lokasi mudah dijangkau, tidak jauh dari Suhat (Jl. Soekarni-Hatta)",0,0,1,0,positif
241,"Acaranya bagus2,",0,1,0,0,positif
242,"Tempat nyaman pelayanan memuaskan program"" oke",1,1,1,0,positif
243,Radio milik pemerintah yg msh eksis hingga saat ini.,0,0,0,0,positif
244,Radio modern. hanya saja dipegang oleh orang bermental jaman dahulu.,1,0,0,0,negatif
245,Terimakasi sudah memberi ruang komunitas untuk memperkenalkan komunitas melalui RRI,1,0,0,0,positif
246,Nambah wawasan Radio,0,1,0,0,positif
247,Semangat trus buat RRI terus berkarya walau zaman sudah berubah,0,0,0,0,positif
248,"Mantabs, studio rekamannya sangat nyaman",0,0,1,0,positif
249,beritanya update dan terpercaya bagi warga malang,0,1,0,0,positif
250,Stasiun radio legendaris. Tak pernah tenggelam diantara stasiun radio yang lain.,0,0,0,0,positif
251,Stasiun radio yang memberi ruang bagi anak2 TK,0,0,1,0,positif
252,Siaran langsung untuk pertanian,0,1,0,0,positif
253,Bagus pelayanan nya,1,0,0,0,positif
254,"Masih beroperasi, semoga bertahan dengan datangnya tantangan zaman",0,0,0,0,positif
255,bagus sekali,0,0,0,0,positif
256,Tempatnya ok... Penuh sejarah peradioan,0,0,1,0,positif
257,Ok ternyata siaran seneng sekali bisa tau pengoprasian radio,0,0,0,1,positif
258,"tempat bersih, bagian informasi membantu, dan pegawai ramah",1,0,1,0,positif
259,Tempat penyiaran informasi dan berita,0,0,0,0,positif
260,Bagus bersih tertata rapi ruanganya,0,0,1,0,positif
261,Ramai,0,0,0,0,positif
262,radio favorit jaman dulu untuk mendapat berita aktual,0,1,0,0,positif
263,Media informasi..media dakwah. HUT dioeringati tiap tgl 11 september,1,0,0,0,positif
264,"Pelayanan sangat ramah, cepat dan santun terhadap tamu",1,0,0,0,positif
265,RRI Malang memang keren,0,0,0,0,positif
266,"Tempat penyiaran musik,berita dll di bumi Arema Malang.",0,0,0,0,positif
267,RRI Pro 2 FM Malang Suara Kreatifitas,0,1,0,0,positif
268,"Nyaman, tempat radio ternate hit",0,0,1,0,positif
269,"Media informasi berita ( olahraga, pendidikan,  hiburan dll ).",0,0,0,0,positif
270,Semoga tambah baik lagi,0,0,0,0,positif
271,Saya mengikuti siaran rohani di sini. Sangat baik.,0,1,0,0,positif
272,Tempat strategis dan terjaga bersih dari dulu,0,0,1,0,positif
273,Tempatnya gampang ditemukan dan di depan jalan raya,0,0,1,0,positif
274,Acara2nya menarik,0,1,0,0,positif
275,Tempatnya bagus bersih nyaman,0,0,1,0,positif
276,Pelayanannya bagus sekali,1,0,0,0,positif
277,Kerjasama yang baik. Semoga awet,1,0,0,0,positif
278,Stasiun radio yang selalu bisa diandalkan,1,0,0,0,positif
279,tempatnya bersih dan orang2nya ramah,0,0,1,0,positif
280,Sekarang tempatnya siarannya nyaman di bag depan.,0,0,1,0,positif
281,Asik siaran disini,0,0,0,0,positif
282,"radio legendaris, lapangan bisa dipakai untuk acara",0,0,1,0,positif
283,Studionya nyaman,0,0,1,0,positif
284,Baik ...tempatnya luas dan nyaman.,0,0,1,0,positif
285,"Baik, mempunyai lapangan parkir yang luas",0,0,1,0,positif
286,Tempatnya menarik.,0,0,1,0,positif
287,Bagus kok???? …,0,0,0,0,positif
288,"Radio yang paket lengkap sih, sukak!",0,0,0,0,positif
289,Smg ttp merakyat,0,0,0,0,positif
290,Salah satu radio terbesar di malang Raya,0,0,0,0,positif
291,Radio yang ada tempat futsalnya,0,0,1,0,positif
292,Radio yang perlu didengar kita semus,0,0,0,0,positif
293,Radio sejarah.... Wokay sip ?? …,0,0,0,0,positif
294,Keren kok tempatnya... Rame juga,0,0,1,0,positif
295,Tempat penyiaran berita kehilangan yang mudah,1,0,0,0,positif
296,Semoga terus jaya RRI ku Malang,0,0,0,0,positif
297,Mantab banget. Apalagi pro sb,0,1,0,0,positif
298,Acara nya bagus,0,1,0,0,positif
299,Bagus buat kebutuhan informasi publik,1,0,0,0,positif
300,Tempat bersih. Dekat tempat keramaian,0,0,1,0,positif
301,"Fasilitas lengkap, dan orang orang yang profesional di bidangnya",0,0,1,0,positif
302,Luar biasa. Kereeennb,0,0,0,0,positif
303,"Ah, jalannya bagus",0,0,1,0,positif
304,bagus sekali RRI Malang keren,0,0,0,0,positif
305,Pemberi pengetahuan no 1 di malang,1,0,0,0,positif
306,sangat ramah n nyaman,1,0,1,0,positif
307,Radio anak muda masa kini,0,0,0,0,positif
308,suka banget dengerin Pro 1,0,1,0,0,positif
309,Sangat bagus,0,0,0,0,positif
310,Tempat yang keren dan bagus..,0,0,1,0,positif
311,Radio terbaik,0,0,0,0,positif
312,"Instalasi strategis,,",0,0,0,1,positif
313,"Gedung luas, bersih dan parkir luas.",0,0,1,0,positif
314,Bagus kok .jaya terus RRI,0,0,0,0,positif
315,"tempat bersih, aman dan nyaman",0,0,1,0,positif
316,Radio legend di kota malang ...,0,0,0,0,positif
317,Area parkir yang luas dan aman,0,0,1,0,positif
318,Orangnya ramah2,1,0,0,0,positif
319,Pegawainya orang2 profesional,1,0,0,0,positif
320,Bersih dan rapi tempatnya,0,0,1,0,positif
321,Tempatnya radio keren,0,0,1,0,positif
322,Keren ruangan radio nya,0,0,1,0,positif
323,Bagus segar suasananya,0,0,1,0,positif
324,Tempatnya budaya,0,1,0,0,positif
325,Radio favorit dr kecil,0,0,0,0,positif
326,Diskusi memperkuat kebudayaan,0,0,0,0,positif
327,semakin keren,0,0,0,0,positif
328,Layanannya bgs,1,0,0,0,positif
329,Lokasi yang sangat strategis,0,0,1,0,positif
330,Pelayanan kurang ramah,1,0,0,0,negatif
331,Bersih dan Nyaman,0,0,1,0,positif
332,Pagelaran budaya nya seru,0,1,0,0,positif
333,Berita nya up to date,0,1,0,0,positif
334,Siaran berkualitas,0,0,0,1,positif
335,Cukup luas dan legendaris,0,0,1,0,positif
336,Dapet ilmu bnyak disini,1,0,0,0,positif
337,Stasiun radionya malang,0,0,0,0,positif
338,Toilet kurang bersih,0,0,1,0,negatif
339,Tempat yang seru untuk belajar,0,0,1,1,positif
340,Kebersihan kurang,0,0,1,0,negatif
341,Mantap keren,0,0,0,0,positif
342,Radio yang sering diputar,0,0,0,0,positif
343,rame banget,0,0,0,0,positif
344,"Yang ini, hiburan sepanjang masa",1,0,0,0,positif
345,Aktivitas sepi,0,0,0,0,positif
346,Sukses selalu RRI Kota Malang,0,0,0,0,positif
347,Wajib dikunjungi,0,0,0,0,positif
348,Mudah dikunjungi,0,0,1,0,positif
349,Semakin modern,0,1,0,0,positif
350,RRI Malang tak lekang oleh waktu ?????????? …,0,0,0,0,positif
351,Lokasi lengkap,0,0,1,0,positif
352,Cukup membantu,1,0,0,0,positif
353,Cukup baik,0,0,0,0,positif
354,Penuh sejarah,0,0,0,0,positif
355,Karena banyak informasi,0,1,0,0,positif
356,Radio bersejarah,0,0,0,0,positif
357,RRI dengan ruh kemerdekaan,0,0,0,0,positif
358,Ramah,1,0,0,0,positif
359,Bagus,0,0,0,0,positif
360,Aman,0,0,1,0,positif
361,Klasik,0,0,0,0,positif
362,Sarana promosi di Malang,1,0,0,0,positif
363,Kuno,0,0,0,0,negatif
364,"Luas, biruu",0,0,1,0,positif
365,Keren,0,0,0,0,positif
366,bersih,0,0,1,0,positif
367,Bersih dan nyaman,0,0,1,0,positif
368,Asyik,0,1,0,0,positif
369,Keren tempatny,0,0,1,0,positif
370,Radio legenda,0,0,0,0,positif
371,sangad besar,0,0,1,0,positif
372,Radio legendaris,0,1,0,0,positif
373,Luarrrbiasssah,0,0,0,0,positif
374,Radio asik,0,1,0,0,positif
375,Luas,0,0,1,0,positif
376,Bagus,0,0,0,0,positif
377,Bersih dan nyaman,0,0,1,0,positif
378,Ramah,1,0,0,0,positif
379,bagus,0,0,0,0,positif
380,Bagus,0,0,0,0,positif
381,Radio legendaris,0,1,0,0,positif
382,Ramah,1,0,0,0,positif
383,Bagus,0,0,0,0,positif
384,RRI Malang.....,0,0,0,0,positif
385,"Semua stafnya rendah hati, mereka adalah anak-anak yang dicintai. Mereka memiliki hari khusus untuk anak-anak.
Semua orang senang.",1,0,0,0,positif
386,"Salah satu stasiun radio tertua di kota, acara lokal rutin diadakan di lapangan",0,1,0,0,positif
387,Tempatnya cukup bagus untuk rekaman/offair TK,0,0,1,0,positif
388,"Sebuah stasiun radio yang mungkin tertua di kota. Dulunya lapangan futsal selalu ramai, namun kini ditutup begitu saja tanpa keterangan apa pun",0,0,1,0,negatif
389,Salah satu Stasiun Radio terbesar tidak hanya di Malang tetapi juga di daerah lain di seluruh Indonesia.,0,0,0,0,positif
390,di sini untuk pertunjukan Carollyne Dewi di RRI net... tempat yang hangat dan orang-orangnya ramah. periksa IG-nya @carollynedewi,0,1,1,0,positif
391,Sayang sekali agak kusam dan kotor Taman e,0,0,1,0,negatif
392,"Tempat yang sangat bagus dengan orang-orang baik di dalamnya. Studio yang sangat bagus, sangat nyaman",1,0,1,0,positif
393,Ide bagus,0,0,0,0,positif
394,Stasiun radio terbaik dan tertua,0,0,0,0,positif
395,penyiarnya ramah...gedungnya keren,1,0,1,0,positif
396,pendengar setia radio pasti akan menikmati RRI,0,1,0,0,positif
397,salah satu radio terkenal di malang,0,0,0,0,positif
398,Simak dan rasakan pusat informasi di Malang,0,1,0,0,positif
399,"Radionya menyala
Pro 1",0,1,0,0,positif
400,Stasiun Radio Nasional di Kota Malang,0,0,0,0,positif
401,Radio favorit kami,0,0,0,0,positif
402,Desain interior terbaik!! ???? …,0,0,1,0,positif
403,Tempat yang bagus untuk menghibur,0,0,1,0,positif
404,merekomendasikan,0,0,0,0,positif
405,Penyiar yang baik?? …,1,0,0,0,positif
406,Legendaris,0,1,0,0,positif
407,Lokasinya strategis,0,0,1,0,positif
408,Legenda,0,0,0,0,positif
409,Bagus,0,0,0,0,positif
410,Radio yang bagus,0,0,0,0,positif
411,Tempat yang bagus,0,0,1,0,positif
412,pelayanan yang baik,1,0,0,0,positif
413,Seru dan bermanfaat banget acaranya ????,0,1,0,0,positif
414,Keren banget sih RRI Malang ??,0,0,0,0,positif
415,Joss... ??,0,0,0,0,positif
416,"Terima kasih RRI Malang, semoga sharring seputar Podcast bisa memberikan manfaat untuk kedepannya.",0,1,0,0,positif
417,Terharu dan kagum  RRI MALANG RAMMAH DISABILITAS.,1,0,0,0,positif
418,Acara Jendela Hati Top Luar Biasa,0,1,0,0,positif
419,"Perhatikan Peremajaan Teknologi Penyiaran Sebagai Lembaga Penyiaran Publik, Kualitas Infrastruktur RRI dan TVRI harus terus Ditingkatkan, guna Mendukung peran Edukasi ",0,1,0,0,positif
420,Nonton rri tv sekrang tambah asik di kualitas hd indihome usee tv tidak kalah asik dengan di radio ??,1,0,0,0,positif
421,Suara dari pendengar pecah atau tidak terdengar jelas,0,0,0,1,negatif
422,Penyelenggaraan event selalu terbaik Dan memberikan informasi Yang jelas bagi khalayak umum,0,1,0,0,positif
423,"Bakar sampah plastik di dalam RRI baunya dan asapnya ga karuan ga peduli dengan warga sekitar, ini di Griyashanta asap nya turun bau plastik dibakar, GILA",1,0,0,0,negatif
424,Dekat sama my humz di akordion situ dan juga pernah beberapa kali kerjasama dengan acara di RRI Malang,0,1,0,0,positif
425,Tempatnya enak luas bgt cm kondisi hrs diperbaiki biar lbh indah dipandang yaa kntr RRI nya smg ttp sukses ya buat RRI malang,0,0,1,0,positif
426,"Suasana ok, pemandangan ok, pemandangan gunung Arjuno d belakang serta bromo di depan rumah, nice view and beautiful breeze",0,0,1,0,positif
427,"Sdh bagus ""look"" nya, cmn sayang, dibeberapa titik, klw hujan bocor ruangan live nya, jd bnyk pemandangan ember, dandang  bertebaran di ruangan ""LIVE"" tsb",0,0,1,0,negatif
428,"RRI sekali mengudara tetap di udara. Tempatnya bagus, meskipun bangunan lama tp masih terawat. Informasi berita akurat. Toilet juga ada. Ruangan ber-AC. Nyaman. Ada kegiatan siaran bersama anak anak sekolah TK dan PAUD.",1,1,1,0,positif
429,"Suka banget jika diundang talk show di pro 2, penyiarnya ramah2 dan menyenangkan, boleh lah kapan2 diundang lagi buat talk show atau kegiatan di pro 2",1,1,1,0,positif
430,"All of the staff are humble, they are loved kids. They have a special day for childrens. Everybody happy.",1,0,0,0,positif
431,"Staff sangat ramah terutama terhadap anak-anak. Bagi siswa yang ingin mengadakan kunjungan bersama dengan sekolah, prosesnya cukup mudah dan cepat.",1,0,0,0,positif
432,"Radio yang sudah lama eksis di Indonesia terutama di malang. Dulu kala lokasinya di jalan merbabu dpn taman saxophone. Lalu pindah ke candi panggung. Pelayanannya baik dan ramah. Pernah bawa anak2, mereka menjelaskan dengan sabar.",1,0,1,0,positif
433,Sarana informasi semenjak zaman uang gulden beredar di NKRISemoga informasinya semakin update seluruh NusantaraHiburan dengan menyiarkan musik dan kebudayaan asli Malang semakin di intensifkan,0,1,0,0,positif
434,"Bagi penggemar Keroncong, saksikanlah acara on air di RRi malang setiap hari selasa jam 21.00 - 23.00, atau anda bisa mendengarkan melalui saluran RRi malang",0,1,0,0,positif
435,"Merupakan lembaga penyiaran publik yang berlokasi di Kota Malang, dengan siaran yang menghibur dan mengedukasi masyarakat. Terdapat 4 channel yang disiarkan yaitu PRO1, PRO 2, PRO 3 dan Siaran khusus kebudayaan. Selain itu juga ada channel RRI NET yang merupakan channel televisi dengan rasa radio",0,1,0,0,positif
436,"Pelayanannya ramah. Penjelasannya juga baik. Menjelaskan ruang-ruang untuk siaran dengan baik. Anak-anak juga menikmati berada disana, diberi kesempatan mencoba bernyanyi dan direkam. Dari informasi yang didapat kemarin, sekarang sudah ada RRI net lho (televisinya RRI). Juga ada RRI berjalan, yaitu mobil siaran yang lengkap seperti studio. Siaran RRI ini cocok untuk semua kalangan dari acara anak-anak sampai kakek nenek. Proud of you, RRI. Semoga tetap selalu berjaya di udara. RRI Sekali Diudara Tetap Diudara.",1,1,0,0,positif
437,Selalu ramah kalo kesini. Apalagi pas saya bawa 2Racun Promo single Disana Menanti Disini Menunggu,1,0,0,0,positif
438,"Baik, pelayanannya ramah orang nya juga bijak dalam hal melayani baik tamu maupun warga sekitar, tempat nya juga begitu indah terlihat nampak asri.siip pokok nya maju terus RRI Malang.",1,0,1,0,positif
439,Stasiun radio yang terkenal dan tersebar d seluruh INDONESIA.meskipun tergeser oleh tata kota tetapi masih tetap exsis dan berkontribusi bagi masyarakat yang mendengarkan.,0,0,0,0,positif
440,Tempat favorite saat kuliah dulu. Suka main di RRI. Futsal. Banyak kenangan indah ada di RRI malang. Radio nasional yang punya banyak staff yang handal,0,0,1,0,positif
441,"Radio milik negara yang konsisten memberikan informasi lewat udara. Di kota Malang terdapat pro 1, pro 2 dan pro 3. Masih setia di dengarkan di seluruh lapisan masyarakat.",0,0,0,0,positif
442,"aplikasinya sangat keren fiturnya juga banyak,bisa mendengarkan siaran rri seluruh indonesia. RRI Keren",0,0,0,1,positif
443,"Bisa dengar RRI se indonesia dengan satu aplikasi, menariknya juga bisa dengar musik secara gratis tanpa iklan ??????????????",0,0,0,1,positif
444,"sangat bermanfaat, dangan adanya aplikasi RRI playgo jadi sangat mudah mendengarkan siaran siaran yang ada di RRI dan mengetahui informasi disekitar. tidak hanya infomasi berita saja tapi dapat mendengarkan podcast,dan musik juga",0,0,0,1,positif
445,"RRI Keren, sekali di udara tetap di udara",0,0,0,0,positif
446,"sangat bermanfaat, dangan adanya aplikasi ini jadi sangat mudah mendapatkan atau mengetahui informasi. tidak hanya infomasi berita saja tapi dapat mendengarkan podcast, musik juga????",0,0,0,1,positif
447,Bisa mendengerkan siaran kapan pun dan bebas akses seluruh daerah mendegerkan selagi ada jaringan mantappp??,0,0,0,1,positif
448,Sangat mudah banget untuk mendengarkan radio kapan pun dan dimanapun ??????????,0,0,0,1,positif
449,Sangat memudahkan untuk mendengar radio dimanapun dan kapanpun??,0,0,0,1,positif
450,Fitur & kontennya keren????????,0,0,0,1,positif
451,"Aplikasi nya udh dipakai 1 bulanan..setelah itu krn lokasi tdk berubah,sy install ulang. Dan tidak bisa digunakan kembali.mohon bisa d cek ulang tuh aplikasinya..",1,0,0,0,negatif
452,saya sudah seminggu bisa scan absen...eh malah minggu ke 2 tidak bisa scan absen...masalahnya dimana yaa??? saya sudah yang ke 4 kalinya download ..tapi masalah sama... tolong info ya...biar bisa absen lagi karena lagi WFH nih.,1,0,0,0,negatif
453,"Awalnya lancar, tapi tiba2 ga bisa buka apk nya, terus coba uninstall , keterangan nya timed out , dan skrg ga bisa absen2 , gimana yaa?",1,0,0,0,negatif
454,"Aplikasi susah login , mau login malah timeout terus tolong diperbaiki!",1,0,0,0,negatif
455,Susah di login lagi untuk absensi bisa absen tgl 1 april sampai 6 saja selanjutnya nggak bisa lagi apa masalahnya,1,0,0,0,negatif
456,"Aplikasi konyol ribet,mending RRI play versi lama ngga perlu pakai sidik jari/scan bgitu buka muncul pilihan kita mau dengar RRI profinsi mana",1,0,0,0,negatif
457,"Saya bisa absen online hanya sampai tgl 14 maret pas absen pulang, selebihnya gak bisa..",1,0,0,0,negatif
458,"Tambah maju jaman tambah ribet, mau denger radio pake suruh seken segala, kita yng jauh dari kampung mau nyeken pake apa. Mohon d benahi lagi",1,0,0,0,negatif
459,Saya sangat suka mendengarkan brita rri.acara nya baik menginfirasi.,0,1,0,0,positif
460,Perlu di buat yg outomatic agar lebih mudah,0,0,0,1,positif
461,"User already registred with other device, please contact your administrator. Gmna solusinya? Habis instal ulang aplikasinya gk bisa login lgi.",0,0,0,1,negatif
462,Agar diperbarui serta kemudahan penggunaannya.,0,0,0,1,positif
463,HP ke reset pabrik begitu download ulang udah ga bisa lagi.. Kok begitu?,0,0,0,1,negatif
464,Aplikasi keren lebih di tingkatkan lagi sistem nya,0,0,0,1,positif
465,Susah untuk di scan itu knpa yah,0,0,0,1,negatif
466,"Ini banyak pertanyaan tapi admin tidak menjawab tidak menjelaskan. Mau login aja susahnya ampun ampun, di wa juga gak bibalas.",1,0,0,1,negatif
467,"Apl anjir.... jangan pada download, sayang kuotanya. Begitu download langsung gue uninstal....",0,0,0,1,negatif
468,Bagaimana cara scan kamera nya aku gak tau nih cara scan gambar gimana?,0,0,0,0,positif
469,"Aplikasi ini TIDAK BISA DI OPERASIKAN di Hp Saya, Mohon penjelasan.",0,0,0,1,negatif
470,Kok dak bisa ada QR–code nya Tolong di kasih tau ke wa saya,0,0,0,1,negatif
471,Makin jelek jaringan di takalar <PROVIDER_NAME>,0,0,0,1,negatif
472, sinyalnya tai...,0,0,0,1,negatif
473,Koneksi  di daerah #sawojajar kota #malang seminggu ini lemot parah ? lagi gangguan kah?,0,0,0,1,negatif
474,Sukses slalu ya RRI Pro 4 suaranya jernih dan bagus,0,0,0,1,positif
475,",Semoga RRI suaranya jernih untuk semua programa tanpa kecuali.,",0,0,0,1,positif
476,"Tapi sekarang jadi kangen noise-nya gelombang SW waktu dulu mendengarkan Radio Australia Siaran Indonesia. Karena suara yg ga terlalu keras bahkan boleh dibilang hampir tenggelam, kerasa jauhnya",0,0,0,1,positif
477,"Ulur kabel keatas dan sambung ke antena, maklum tinggal di desa",0,0,0,1,negatif
478,"Jadul sampe skrg seimbang, msh favorit di radio. Gk pake listrik cm batre dan ringan sepopuler softdrinkðŸ˜…bhkn kmren klo ngikut perkembangan di alat komunikasi malah jd unggulan promo utk jualan.",0,0,0,1,positif
479,di kotaku sudah gak ada siaran AM-MW...rindu suara nya...,0,1,0,0,negatif
480,"Sekarang lebih rindu dengar radio gelombang sw, am daripada fm",0,0,0,1,negatif
481,informasi yang disampaikan channel ini sangat akurat. sukses terus,0,1,0,0,positif
482,"Dulu sebelum ada siaran FM ada siaran AM dan SW, kalo di putar siaran SW suara terdengar seperti bahasa vietnam atau thailand",0,0,0,1,positif
483,Sekarang radio isinya penjual jamuuu... ðŸ˜…ðŸ˜…,0,1,0,0,negatif
484,Pembaca berita macam robot,0,1,0,0,negatif
485,Radio tanpa kuota juga bisa aktifðŸ˜…ðŸ˜…ðŸ˜…ðŸ˜…,0,0,0,1,positif
486,Radio skrng bnyk yg tutup.. Orang bralih ke sosmed kirm2 salam,0,1,0,0,negatif
487,"Radio Di tempatku skarang rata menyiarkan rekaman jamu,jarang menemui penyiar ngk kayak dulu ada penyiar bisa saling sapa",0,1,0,0,negatif
488,"Ada yg bisa jawab ga ,?<br>Di RRI pernah ada sandiwara :mat sani dari tanah abang .<br>Perkiraan thn brp sandiwara tsb trmksih.",0,1,0,0,positif
489,Yang paling ku kangen dengar radio sandiwara radio..,0,1,0,0,positif
490,Saya yakin masih banyak yang merindukan kresek kresek suara radio AM.,0,0,0,1,negatif
491,"Sekarang migrasinya ada di pertelevisian, dari analog ke digital.",0,0,0,1,negatif
492,Meski skrang bnyk pilihan hiburan tp radio ttp bnyk yg suka denger radio smpe skrng di persawahan di mobil  di pedesa an smpe skrng,0,1,0,0,positif
493,Pasang iklan di radio skarng jg mahal,1,0,0,0,negatif
494,Mesin radio dlu sama radio skrg bagus mesin radio dlu klo mesin radio skrg cpt rusak dn ngk bnyk gelumbang ny,0,0,0,1,negatif
495,"Sampe sekarang masih denger RRI play,atau Iradio lewat aplikasi radio garden.kmrin2 malah denger RTI taiwan berbahasa Indonesia di gelombang SW pake radio 3 band.sejak radionya rusak udah g pernah dnger SW lagiðŸ˜¢",0,1,0,0,positif
496,Siaran drama radio sangat terkenang,0,1,0,0,positif
497,Semuanya sekarang sdh kalah bersaing dgn smartphone,0,1,0,0,negatif
498,"Jadi ingat RRI yg memberitakan harga harga sembako dan sayur mayur<br>Harga kol gepeng, bawang merah, bawang putih, cabe rawitðŸ˜‚ðŸ˜‚<br>Ngomong2 saya juga ga tau apa itu kol gepengðŸ˜‚ðŸ˜‚",0,1,0,0,positif
499,Dan sekarang berpindah online,0,1,0,0,positif
500,"Pro 2 RRI era musik rock radio walau udah ada Facebook sering kirim kirim salam buat pecinta musik cadas ðŸ¤ŸðŸ˜Ž era 2009 an ke atas. Waktu era SMP dengerin Peterpan , padi , dan era era radio merajai hingga radio pada di bajakin buat siaran break-breakan",0,1,0,0,positif
501,Sekarang msh exis ga ya radio2 ini di tengah ramai2 nya  smartphone dengan musik2 mp3 gratis dan yt,0,0,0,0,positif
502,tapi seiring perkembangan jaman dan terkait penerimaan jangkauan radio yg makin sulit di trima dan munculnya radio 2 jamu lokal daerah jadi makin sulit aja untuk dengerin radio2 jauh kecuali streaming dengernya ðŸ™,0,1,0,0,negatif
503,sekarang sudah digital bro...<br>Radio FM bisa di dengar dengan bantuan google.. atau aplikasi.. asal ada paket data.. <br>Radio FM se dunia,0,1,0,0,positif
504,"saran aja, lebih bagus pake suara sendiri daripada suara google kyk gitu, kesannya ga premium",0,1,0,0,negatif
505,Kresek2 radio AM di siaran tengah malam saat menyiarkan lagu2 oldies....vibenya tak tergantikan...,0,1,0,0,positif
506,Radio tak lekang oleh waktu dan zamn,0,1,0,0,positif
507,Sayang sekarang Radio Tinggal Menunggu punah..ðŸ˜¢,0,1,0,0,negatif
508,skarang jman sdh brubah ud ga prnah dngerin radio dn nonton tv..hari2 full hnya nonton youtube..twiter..face book sm instagram ðŸ¤£ðŸ¤£,0,1,0,0,negatif
509,"Dengar lagu di radio sama melihat lagu di yutup beda, lebih enak dengar lagu di radio, tp sayang sekarang sudah tidak musim lagi dengar radio, radio sekarang seperti apotek banyak yg jual obat",0,1,0,0,negatif
510," hahaha, begitulah Bang Taufik, tetapi sekarang, hampir semua radio merambah ke dunia siaran streaming.",0,0,0,0,positif
511,"SUBALI  dan RRI Purwokerto Radio FM nya orang purwokerto sekitarnya,, Jalur FM dr tahun 1987,,acaranya jg keren musiknya stereo bngt",0,1,0,1,positif
512,skrg radio makin termarginalkan.. beda ama jaman 80an,0,1,0,0,negatif
513,kalah sama dengan yutub n spotifay apalagi dengerin podcast,0,1,0,0,negatif
514,ckup jelas,0,0,0,0,positif
515,"Radio sort wave tetep ada krn jangkauan nya tak terbatas di muka bumi, informasi hiburan masih bs di pantau dengar di tengah samudera bagi para pelaut, yg tggal di pulau2 terpencil.",0,0,0,1,positif
516,"Radio sw memang masih digunakan di jaman internet super canggih sperti skarang. Trutama di tempat2 terpencil, untuk keperluan sar juga, dll. Malah digunakan juga dalam medan perang (sperti yg terjsdi di ukraina dan tempat2 lainnya), karna frekuensi shortwave sulit dikendalikan oleh pemerintah stempat. Jadi bisa dijadikan sumber berita dari pihak yg bertikai.",0,1,0,0,positif
517,"Frekuensi di bawah 5Mhz sudah jarang dipakai, paling banyak di 9mhz dan 11mhz walau isinya kebanyakan bhs mandarin, voice of indonesia pernah dapat sinyalnya tapi suaranya kecil banget.",0,0,0,1,negatif
518,Radio RRi indonesia DI SW..gaseperti dululagi kalau dulu adapengantar musik pelepas lela jam.12 siyang menghilang termakan jaman,0,1,0,0,negatif
519,"Sejak mudahnya akses internet, banyak siaran radio di SW yang di off air dan pindah ke streaming. Sayang sebenarnya karena siaran melalui frekuensi radio di SW dapat menjangkau di daerah2 pelosok yg tidak terjangkau internet",0,1,0,0,negatif
520,"Kemajuan tekhnologi memang benar2 mampu menggeser cara pengiriman berita yg dulu mungkin tidak terbayangkan oleh kita. Semua sekarang berbasis internet. Namun memang, bagi penggemarnya radio SW tetap menjadi pilihan menarik walau banyak radio broadcast yang beralih system ke streaming .<br><br>Terima kasih telah bersedia share pengalaman masa lalu pak, salam terbaik ðŸ™‚",0,0,0,0,positif
521,Sangat membekas sampai sekarang...sayangnya siaran berbahasa Indonesia di SW sebagian sudah off air,0,1,0,1,positif
522,Sangat membekas sampai sekarang...sayangnya siaran berbahasa Indonesia di SW sebagian sudah off air,0,1,0,1,negatif
523,"Ah, malas aku dengar siaran SW, suaranya timbul-tenggelam, bersyukur ada internet, siaran streaming suaranya jernih, bebas gangguan, dan tidak mungkin timbul tenggelam.",0,0,0,1,negatif
524,"Ah, malas aku dengar siaran SW, suaranya timbul-tenggelam, bersyukur ada internet, siaran streaming suaranya jernih, bebas gangguan, dan tidak mungkin timbul tenggelam.",0,0,0,1,positif
525,Betul. Jauh dibandingkan era 80 - 90 an dimana kita masih banyak pilihan  siaran radio gelombang pendek berbahasa Indonesia,0,1,0,1,negatif
526,"SW, khususnya siaran RRI pusat itu jernihnya hanya pada siang hari, kalau sudah jam 3 sore ke atas, tertabrak sama siaran luar negeri, dia kalah sama dengan luar negeri.<br>Malas aku dengar siaran SW, siaran internet streaming jauh lebih jernih.",0,0,0,1,negatif
527,Benar sekali. Penggemar dan pendengar SW rasanya makin tahun kemungkinan berkurang karena makin banyak pilihan. Ditambah dengan banyaknya stasiun broadcast SW yang banyak &quot,1,1,0,0,negatif
528,RRI madiun Jawa Timur masih terdengar lur,0,0,0,1,positif
529,Siiip... saat ini saya masih kesulitan mendengarnya dari Tangerang,0,0,0,1,negatif
530,Siaran di SW kendalanya di Antena  krn panjang wire  nya,0,0,0,1,negatif
531,@@muhamadchairudin1641 radio itu ada di internet. .cuma kalah saing sama medsos...,0,1,0,0,negatif
532,"Kata Temen saya, 3345khz itu RRI Ternate, dia ngiranya RRI Ternate udah off SW, ternyata susah sinyal dari Semarang katanya.",0,0,0,1,negatif
533,Wowww.... gak nyangka RRI Ternate mengudara. Mantaaap... saya akan coba nanti malam untuk mendengarkan karena kalau siang propagasi di band tersebut buruk sekali untuk jarak yg sedemikian jauh.<br>Terima kasih info berharga ini,0,1,0,0,positif
534,Wowww.... gak nyangka RRI Ternate mengudara. Mantaaap... saya akan coba nanti malam untuk mendengarkan karena kalau siang propagasi di band tersebut buruk sekali untuk jarak yg sedemikian jauh.<br>Terima kasih info berharga ini,0,0,0,1,negatif
535,"Stasiun transmisi RRI untuk siaran SW dulu ada di cimanggis depok, tapi sekitar tahun 2018 dibongkar dan sekarang dibangun kampus UIII",0,0,0,0,positif
536,Sayang sekali ya. Mudah2an nanti dapat mengudara dilokasi yg lebih baik.,0,0,0,0,positif
537,Untuk saat ini dimanakah stasiun transmisi RRI Voice of Indonesia di SW memancar?<br><br>Terimakasih atas pembelajarannya ...,0,0,0,0,positif
538,"Sayang VOI  daya pancarnya dibawah 100 kW, malah lebih sering dengar BI dari KBS, RTI tentunya sinyal badak CRI",0,0,0,1,negatif
539,"Benar, disamping power TX nya tidak sebesar yg lain,, kemungkinan juga propagasi belum begitu bagus dibanding stasiun broadcast lainnya di band yg berbeda",0,0,0,1,negatif
540,Baru sekarang saya mendengarkan siaran SW modulasinya stabil. Fitur AGC di radio ini bekerja sempurna.<br>Koleksi radionya berkelas.<br>Perbanyak lagi video koleksi radionya om.. salam lestari,0,1,0,1,positif
541,"Ternyata penggemar siaran radio RRI  banyak pula ya OM. <br><br>Benar, shortwave atau gelombang pendek adalah sama dengan HF (High Frequency), seperti yg kita gunakan istilah tersebut di amatir radio. Hanya istilah SW ini lebih sering digunakan dalam dunia radio broadcasting.",1,1,0,0,positif
542,"@@yb1uuuchannel462 yaa menurut saya banyak pak. Dan pernah sy dengar sekilas info gitu, kayak iklan Tau Kah Kamu yg disampaikan oleh RRI PRO 1 Biak, yg bilang &quot",1,1,0,0,positif
543,"RRI sebagai mbahnya radio di Indonesia harus lebih maju, karena RRI merupakan corong media untuk mendidik sekaligus untuk mempromosikan hasil pembangunan di Indonesia, sekali mulut berujar berjuta telinga mendengar",1,1,0,0,positif
544,Beliau pak Dedi setiadi...suaranya membuat saya nostalgia....teringat tiap malam selalu mendengarkan Pawartos boso jawi bersama Alm.kakek <br>dan karna suara beliau saya senang mendengarkan RRI,0,1,0,0,positif
545,Sukses selallu RRI selallu di hatiâ¤â¤â¤â,0,0,0,0,positif
546,Bravo RRI IKN.ðŸ‘ðŸ‘<br> sekali diudara tetap diudara,0,0,0,0,positif
547,So Is the best RRI IKN in KalumantanðŸ‘â™¥ï¸ðŸ‡®ðŸ‡©,0,0,0,0,positif
548,Maju trus  RRI IKN pantang mundur,0,0,0,0,positif
549, Kethoprak RRI pancen bisa menghibur hati semoga tetap langgeng,0,1,0,0,positif
550,Sayang suara ilang pas adegan bungsu ciptoroso,0,0,0,1,negatif
551,"Saya bangga dengan budaya yang bisa dinikmati segala usia seperti kethoprak ini, selamat dan sukses untuk kethoprak RRI Yogyakarta",0,1,0,0,positif
552,Sayange dulu ps sukuran ketoprak RRI. Di tempat PK lurah Sanden penonton bludak di lapangan GK di striming.<br>Mntap keyoprak RRI Jogja.,0,1,0,0,positif
553,Sayange dulu ps sukuran ketoprak RRI. Di tempat PK lurah Sanden penonton bludak di lapangan GK di striming.<br>Mntap keyoprak RRI Jogja.,0,0,0,1,negatif
554,"Langgeng trus budaya ketoprak RRI tambah mantep ,sukses ,lancar penonton bludak",0,1,0,0,positif
555,"Pokoke RRI jaaan ok tenan,  aku AREP nonton kokyo Ra sido malah trs tdr ????",0,1,0,0,positif
556,Loh kok mati micnya,0,0,0,1,negatif
557,Sayang mic nya kadang2 mati...,0,1,0,1,negatif
558,juoooos rri jgja,0,1,0,0,positif
559,Full Pemain RRI ???LOVE ILA ANTUM ABADAN RRI JOGJA JAYA SLALU????,0,1,0,0,positif
560,"ah, kangen bener. Dulu kontrakan temen2 di depan RRI, klo main mesti nongkrongnya depan RRI...Tahun ini belum tau kapan pulang... Salam kangen buat TAK61 dari Pati Jateng... sehat selalu kak levi",0,0,0,0,positif
561,yey akhirnya bisa dengerin rripro2 lagi??????,0,1,0,0,positif
562,"Sukses dan sehat selalu untuk Bu Esty, semua penyiar RRI Malang dan semua pendengar Pro1 Malang. Tuhan YMK memberkati ??.",0,0,0,0,positif
563,selamat nenyongsong tahun baru 2023 smoga presenter RRI.Malang sukses dan beritanya bermanfaat bg umat wssalaam,0,0,0,0,positif
564,ini cris yaaa....suara  nya beda ktk di pro4,0,0,0,1,negatif
565,"analog 94,6 suara penyiarnya tidak sempurna....masih jelek audionya mohon diperbaiki
",0,0,0,1,negatif
566,suara clear,0,0,0,1,positif
567,suara putus putus dari kedung kandang,0,0,0,1,negatif
568,Sukses Pro 1 RRI Malang.,0,0,0,0,positif
569,RRI pro satu malang memang mntab,0,1,0,0,positif
570,mantap pro 1 malang update infonya,0,1,0,0,positif
571,"tombol Kirimnya di mana ya, kalau sudah menulis pesan seperti ini, RRI Malang. dengan Suranto.",0,0,0,0,positif
572,"Saye gune kan rri digital, tinggal komen yak kamu di rri digital kolom chat nye atau radio nye langsung. Kemarin pro2 bandung banyak gak dr kendari survei. Pro2 ptk banyak yg magang, jd bise kamu minta utk isi survei mu dr pendengar dll??????",1,1,0,0,positif
573,"Inget perna magang di rri dlu,tenaga nya pns semua coy,mana kerjaan nya ringan betul,kalau di itung secara bisnis ya pasti beban negara bgt tuh kek rri gitu,toh skarang radio siapa si yang denger kalau ga orang tua",1,1,0,0,negatif
574,LAH KONTOL SPOTIFY ZIONIS ALAH BABI BAJINGAN DAHLAH MMG BENAR DENGAR RADIO RRI AJA,0,1,0,0,negatif
575,"Belum ada Ei, yang ada suaranya malah radio Elshinta. Maaf, padahal aku setelnya radio RRI. Pantesan banyak semutnya. Ssh zhhshhzshsh",0,0,0,1,negatif
576,Kak aku jugaaa gara2 dengerin satu channel radio yg muterin lagu2 90an. Coba cari deh RRI Pro 5 Makassar. Aku dengarnya di aplikasi rri digital. Mamaku bilang selera aku gk sesuai umur ??????tapi emqng lagu 90an itu enakeun banget,0,1,0,0,positif
577,Kamu download aja radiofm utk dengar radio di seluruh indonesia. Klu pro2 seluruh indonesia kamu download RRI digital. Tanpa ribet bisa dengar radio??????,0,1,0,0,positif
578,Radio analog wajib terus ada Apalagi kaya RRI Penting utk daerah pelosok atau yg terdampak bencana masih dpt berita Semoga SS juga pertahankan analog,0,1,0,0,positif
579,"Pake rri digital, gw juga tidak expect, tapi selain bisa denger semua channel radio rri di indonesia, bonusnya bisa denger lagu (mayan uptodate) tanpa iklan loh!",1,1,0,0,positif
580,"App Rri digital kak, bisa pilih radio daerah seluruh indonesia ",0,1,0,0,positif
581,"Mak gue bilang depok kota petir karena dulu RRI (Radio Indonesia) kan kantornya di depok, sementara tiap ujan tuh siaran selalu jelek. Makanya di lapangan RRI dibangun banyak penangkal petir supaya siarannya bagus, cm imbasnya petir2 yg gede itu pusatnya jadi ke lapangan sana",0,0,0,1,negatif
582,"Yang kena bully pas itu RRI sama LSI sih, LSI ya taulah ya memang 2014 projo banget. Yang RRI itu dibully karena radio kok ngadakan quick count",1,1,0,0,negatif
583,Ternyata radio RRI Jogja masih memperdengarkan bunyi sirine pertanda buka puasa yang sama seperti pada saat saya kecil dulu di akhir tahun 90an.,0,1,0,0,positif
584,"Hingga kini, saya kerap nyetel radio saat acara (rekaman pentas) wayang golek mengudara. Yg saya heran, kenapa acara kesenian daerah kok dihilangkan dari menu siaran RRI. ",0,1,0,0,negatif
585,"Bayangkan, ada narasumber-narasumber bergelar doktor, professor, dosen, dkk disuruh bernarasi ""membenarkan"" sebuah isu, sehingga akan diterima dan dianggap wajar. ",0,1,0,0,negatif
586,"Frekuensi RRi ini yg paling mudah dijangkau orang-orang Desa. Kalo ngga denger radio lokal untuk musik, yaa RRI.",0,0,0,1,positif
587,Pak. Untuk @RRIPrograma3 atau RRI Nusantara (IKN) mohon sinyal nya di perkuat pak. ??.khusus di seluruh Pulau Kalimantan,0,0,0,1,negatif
588,RRI BANJARMASIN KEREN BANGET DEMI APAPUN JERNIH BANGET KAMERANYA DAN SINYAL INTERNET AMAN BANGET YA. MAKASIH RRI BANJARMASIN ??????,1,0,0,1,positif
589,"hi hi hi, dengan tembaga di lilit ferit kecil, cuman dapet sinyal AM mak, berita RRI",0,0,0,0,positif
590,Halo @RRIPrograma3 sudah semingguan ini 92.2 FM RRI Pro3 Semarang sinyal melemah dan nyaris tak terdengar di kota Salatiga..RRI Pro 3 Solo 105.9 FM kmrin Jumat sempat jernih kembali namun tak lama hilang sprti 92.2 FM Semarang hingga saat ini..Mhn dapat diperbaiki..Trims??,0,0,0,1,negatif
591,"Maklumi saja om, mungkin puskesmas nya di daerah sangat sangat terpencil jangankan sinyal hp radio RRI aja gak nyampe. Lagian mana ada dokter puskesmas atau dokter pemerintah yg neliti.",1,0,1,0,negatif
592,Sinyal RRI frekuensi MW masa putus-putus... ??,0,0,0,1,negatif
593,Radio tri sakti parung panjang mengudara di frekwensi 94.9 mhz menutupi sinyal RRI Banten. Foto ini studio mereka tri sakti fm. Beralamat di kampung cibunar parung panjang,0,0,1,0,positif
594,Sudah beruntung lewat RRI Pro 3 channel 93.0 FM. Malah lbh enak bisa sambil merem yg nonton kan telinga. Cuma hp digantung cari sinyal...,0,0,0,0,positif
595,"Tumben minggu ini sinyal 4G putus nyambung,",0,0,0,1,negatif
596,Hostnya bestttt??????????????terima kasih RRI Pro 1????????,0,1,0,0,positif
597,tingkatkan terus.. mutu siarannya..,0,1,0,0,positif
598,Sangat informatif & edukatif,0,1,0,1,positif
599,Tingkatkan kualitas audionya agar lebih berkualitas dan enak didengarkan.,0,0,0,0,positif
600,"Saya usul lagu yang sedang diputar,didisplay nama lagu dan penyanyinya.",0,0,0,0,positif
601,RRI PRO 3 area Yogyakarta sehari semalam tgl 3-9-23 tidak mengudara,0,0,0,1,negatif
602,Media informasi terupdete dan tepercaya,0,1,0,0,positif
603,Radio yang menyampaikan Up date berita terpercaya,0,1,0,0,positif
604,Pro4 Jakarta memang peduli kebudayaan Nasional. Jaya selalu,0,1,0,0,positif
605,"Radio yang setia ??temenin aq sambil belajar di era 90an, kangen suasana kota malang Krn udh hijrah di Balikpapan",1,0,0,0,positif
606,"Dulu waktu masih dimalang, seneng banget pantengin radio ini. Konten nya asik asik, penyiarnya apalagi ?? Dan ini untuk pertama kali nya aku dengerin radio streaming dari ambon. Buru buru di jadiin stasiun favorit nih, hehe.",1,1,0,0,positif
607,"Radio terbaik anak muda produktif di Kota Malang. Bahasannya sangat informatif dengan pembawaan edutainment. Jadi penyiar ga haha hihi hehe aja dan ga lo2 gue2 gitu, sopan banget mereka. Terus mengudara selama-lamanya Kalimaya :)",1,1,0,0,positif
608,"Radio FM yg terhits di kota Malang ,di era 1990 dengan full format music manca negara serta didukung kualitas audio yang baik di kala waktu itu.",0,1,0,1,positif
609,musiknya enak enakkkkk,0,1,0,0,positif
610,"radiooo fav kuu. tp kok belakangan ini aku gapernah dpt sinyalnya yaa:"")))",1,0,0,0,positif
611,"radiooo fav kuu. tp kok belakangan ini aku gapernah dpt sinyalnya yaa:"")))",1,0,0,1,negatif
612,He mimin yang menarik dong,0,0,0,0,positif
613,Mau dengerin ceramah dari tadi masih lagu buddhis terus,0,0,0,0,positif
614,Lagunya asik banget,0,1,0,0,positif
615,Gatau deh Yah. Ini lagunya enak2 banget :'(((,0,1,0,0,positif
616,Radio paling bagus semalang raya nih,0,1,0,0,positif
617,Temen begadang bgt,0,1,0,0,positif
618,Makin mudah dengerin enak dimana aja dan kapan aja,1,0,0,1,positif
619,Gilss sihh gilsss.... Alhamdulillah ga dengerin Iklan lageee waktu muter musik wkwk,0,1,0,0,positif
620,Ish kerennn gilakkk . Tanpa headset,0,0,0,1,positif
621,Radioo terkerenn emang ???,0,1,0,0,positif
622,Lagunya enak enak sih emang!!,0,1,0,0,positif
623,"Cuma disini bisa dengerin lagu-lagu yang enak dan anak muda banget, Ma fav!?",0,1,0,0,positif
624,"Lagunya ga bosenin, enak banget dah ??",0,1,0,0,positif
625,Lagu lagunya enak semua!!!,0,1,0,0,positif
626,Mantul lagunya enak enak banget gils??,0,1,0,0,positif
627,Enak nih dengerin sambil nyetir mobil,1,0,0,0,positif
628,RADIO KEREN BANGET! Lagu lagunya enakkk!,0,1,0,0,positif
629,Radio terbaik emang,1,0,0,0,positif
630,LAGUNYAA ENAAK ENAAAK! GOKS!,0,1,0,0,positif
631,"Cocok bgt buat nemenin nugas,makan dan yang paling penting buat nemenin tidur",1,0,0,0,positif
632,Radio HITS nya anak millenial,0,1,0,0,positif
633,Radio anak muda terkece se malang!,1,0,0,0,positif
634,Radio yang paling ngerti kebutuhan anak muda di era sekarang .cinta banget asliii??,1,1,0,0,positif
635,"GUE DIUCAPIN ORANG PALING KECE PENYIAR RADIO RRI BANDUNG, MINGGIR LO SEMUA INI RIIL MASIH SENENG BGT AMPE SEKARANG ????love you kak gagaaaa ????",1,1,0,0,positif
636,Lemes banget bacotnya bapack-bapack penyiar! ??????,0,1,0,0,negatif
637,"Aku putar berulang-ulang. Bukan hanya ada haru karena siaran RRI berakhir, tapi suara radio dan para penyiar RRI bagiku begitu khas … …",0,0,0,0,positif
638,"nah muncul dong ke permukaan. jgn sembunyi ngalter melintir omongan kesana sini aja, mentang2 Job nya penyiar RRI Pro 1 Pontianak jd terbiasa bias ????",0,1,0,0,negatif
639,Jaringan jelek bgt ajg,0,0,0,1,negatif
